Workbook

Sheet Как пользоваться
A1: 🧱 НАША СИСТЕМА — команда
A3: ОСНОВА
A4: Ислам — фундамент · Дисциплина > настроение · Каждый день рост · Команда = контроль
A5: КАЖДЫЙ ДЕНЬ
A6: 1. Открываешь свой лист «Чек-лист — …», ставишь ✅/❌ по каждому пункту.
A7: 2. Вписываешь часы учёбы и страницы книги — клетка станет зелёной, если норма выполнена (2 ч и 20 стр.).
A8: 3. Вечером 3 строки самоконтроля: что сделал хорошо, где был слаб, что исправлю.
A9: ЗАДАНИЯ
A10: Лист «Задания»: что задал Бектур. Сделал → заметки по шаблону и скрин Бектуру. Шаблон: 1) Название и кто говорит 2) 3–5 главных мыслей своими словами 3) Цитата, которая зацепила 4) Что применю завтра 5) Вопрос / с чем не согласен
A11: КАЖДОЕ ВОСКРЕСЕНЬЕ
A12: Созвон 45–60 мин по листу «Созвон»: отчёт → ошибки → тема по исламу → план. Лист «Итоги» сам покажет средний % за неделю у каждого. У кого % выше — тот выбирает тему или книгу на следующую неделю.
A13: ТЕМЫ ПО КРУГУ
... A21: Жёлтые клетки — вписываешь ты. Серые и белые — считаются сами, не трогай.

Sheet Чек-лист — Бектур
A1: Ежедневный чек-лист — Бектур
A2: Ставь ✅ или ❌ в жёлтых клетках (выпадающий список). Числа — вписывай. % дня считается сам.
A4: Дата | B4: Неделя | C4: День | D4: Фаджр | E4: Зухр | F4: Аср | G4: Магриб | H4: Иша | I4: Коран 10–15 мин | J4: Зикр | K4: Без харама | L4: Учёба / уроки без телефона | M4: Развитие 30–60 мин | N4: Задание от Бектура | O4: Шахматы | P4: Английский 20 мин | Q4: ИИ-инструменты | R4: Проект / подкаст | S4: Спорт / активность | T4: Вода 2 л | U4: Нормальное питание | V4: Сон 6–8 ч | W4: Доброе дело | X4: Родители | Y4: Без пустой траты времени | Z4: Часов учёбы | AA4: Страниц книги | AB4: % дня | AC4: Что сделал хорошо | AD4: Где был слаб | AE4: Что исправлю завтра
A5: 46327 | B5: =INT((A5-$A$5)/7)+1 -> 1 | C5: Вс | D5: ✅ | E5: ✅ | F5: ✅ | G5: ✅ | H5: ✅ | I5: ✅ | J5: ✅ | K5: ✅ | L5: ✅ | M5: ✅ | N5: ✅ | O5: ✅ | P5: ✅ | Q5: ✅ | R5: ✅ | S5: ✅ | T5: ❌ | U5: ✅ | V5: ✅ | W5: ✅ | X5: ✅ | Y5: ✅ | Z5: 3 | AA5: 25 | AB5: =IF(COUNTA(D5:Y5)=0,"",COUNTIF(D5:Y5,"✅")/22) -> 0.95454545 | AC5: Все 5 намазов вовремя, 3 часа учёбы | AD5: Мало воды | AE5: Бутылку воды на стол с утра
A6: 46328 | B6: =INT((A6-$A$5)/7)+1 -> 1 | C6: Пн | AB6: =IF(COUNTA(D6:Y6)=0,"",COUNTIF(D6:Y6,"✅")/22)
A7: 46329 | B7: =INT((A7-$A$5)/7)+1 -> 1 | C7: Вт | AB7: =IF(COUNTA(D7:Y7)=0,"",COUNTIF(D7:Y7,"✅")/22)
A8: 46330 | B8: =INT((A8-$A$5)/7)+1 -> 1 | C8: Ср | AB8: =IF(COUNTA(D8:Y8)=0,"",COUNTIF(D8:Y8,"✅")/22)
A9: 46331 | B9: =INT((A9-$A$5)/7)+1 -> 1 | C9: Чт | AB9: =IF(COUNTA(D9:Y9)=0,"",COUNTIF(D9:Y9,"✅")/22)
A10: 46332 | B10: =INT((A10-$A$5)/7)+1 -> 1 | C10: Пт | AB10: =IF(COUNTA(D10:Y10)=0,"",COUNTIF(D10:Y10,"✅")/22)
A11: 46333 | B11: =INT((A11-$A$5)/7)+1 -> 1 | C11: Сб | AB11: =IF(COUNTA(D11:Y11)=0,"",COUNTIF(D11:Y11,"✅")/22)
A12: 46334 | B12: =INT((A12-$A$5)/7)+1 -> 2 | C12: Вс | AB12: =IF(COUNTA(D12:Y12)=0,"",COUNTIF(D12:Y12,"✅")/22)
A13: 46335 | B13: =INT((A13-$A$5)/7)+1 -> 2 | C13: Пн | AB13: =IF(COUNTA(D13:Y13)=0,"",COUNTIF(D13:Y13,"✅")/22)
A14: 46336 | B14: =INT((A14-$A$5)/7)+1 -> 2 | C14: Вт | AB14: =IF(COUNTA(D14:Y14)=0,"",COUNTIF(D14:Y14,"✅")/22)
A15: 46337 | B15: =INT((A15-$A$5)/7)+1 -> 2 | C15: Ср | AB15: =IF(COUNTA(D15:Y15)=0,"",COUNTIF(D15:Y15,"✅")/22)
A16: 46338 | B16: =INT((A16-$A$5)/7)+1 -> 2 | C16: Чт | AB16: =IF(COUNTA(D16:Y16)=0,"",COUNTIF(D16:Y16,"✅")/22)
A17: 46339 | B17: =INT((A17-$A$5)/7)+1 -> 2 | C17: Пт | AB17: =IF(COUNTA(D17:Y17)=0,"",COUNTIF(D17:Y17,"✅")/22)
... A67: 46389 | B67: =INT((A67-$A$5)/7)+1 -> 9 | C67: Сб | AB67: =IF(COUNTA(D67:Y67)=0,"",COUNTIF(D67:Y67,"✅")/22)

Sheet Чек-лист — Юзер 1
A1: Ежедневный чек-лист — Юзер 1
A2: Ставь ✅ или ❌ в жёлтых клетках (выпадающий список). Числа — вписывай. % дня считается сам.
A4: Дата | B4: Неделя | C4: День | D4: Фаджр | E4: Зухр | F4: Аср | G4: Магриб | H4: Иша | I4: Коран 10–15 мин | J4: Зикр | K4: Без харама | L4: Учёба / уроки без телефона | M4: Развитие 30–60 мин | N4: Задание от Бектура | O4: Шахматы | P4: Английский 20 мин | Q4: ИИ-инструменты | R4: Проект / подкаст | S4: Спорт / активность | T4: Вода 2 л | U4: Нормальное питание | V4: Сон 6–8 ч | W4: Доброе дело | X4: Родители | Y4: Без пустой траты времени | Z4: Часов учёбы | AA4: Страниц книги | AB4: % дня | AC4: Что сделал хорошо | AD4: Где был слаб | AE4: Что исправлю завтра
A5: 46327 | B5: =INT((A5-$A$5)/7)+1 -> 1 | C5: Вс | AB5: =IF(COUNTA(D5:Y5)=0,"",COUNTIF(D5:Y5,"✅")/22)
A6: 46328 | B6: =INT((A6-$A$5)/7)+1 -> 1 | C6: Пн | AB6: =IF(COUNTA(D6:Y6)=0,"",COUNTIF(D6:Y6,"✅")/22)
A7: 46329 | B7: =INT((A7-$A$5)/7)+1 -> 1 | C7: Вт | AB7: =IF(COUNTA(D7:Y7)=0,"",COUNTIF(D7:Y7,"✅")/22)
A8: 46330 | B8: =INT((A8-$A$5)/7)+1 -> 1 | C8: Ср | AB8: =IF(COUNTA(D8:Y8)=0,"",COUNTIF(D8:Y8,"✅")/22)
A9: 46331 | B9: =INT((A9-$A$5)/7)+1 -> 1 | C9: Чт | AB9: =IF(COUNTA(D9:Y9)=0,"",COUNTIF(D9:Y9,"✅")/22)
A10: 46332 | B10: =INT((A10-$A$5)/7)+1 -> 1 | C10: Пт | AB10: =IF(COUNTA(D10:Y10)=0,"",COUNTIF(D10:Y10,"✅")/22)
A11: 46333 | B11: =INT((A11-$A$5)/7)+1 -> 1 | C11: Сб | AB11: =IF(COUNTA(D11:Y11)=0,"",COUNTIF(D11:Y11,"✅")/22)
A12: 46334 | B12: =INT((A12-$A$5)/7)+1 -> 2 | C12: Вс | AB12: =IF(COUNTA(D12:Y12)=0,"",COUNTIF(D12:Y12,"✅")/22)
A13: 46335 | B13: =INT((A13-$A$5)/7)+1 -> 2 | C13: Пн | AB13: =IF(COUNTA(D13:Y13)=0,"",COUNTIF(D13:Y13,"✅")/22)
A14: 46336 | B14: =INT((A14-$A$5)/7)+1 -> 2 | C14: Вт | AB14: =IF(COUNTA(D14:Y14)=0,"",COUNTIF(D14:Y14,"✅")/22)
A15: 46337 | B15: =INT((A15-$A$5)/7)+1 -> 2 | C15: Ср | AB15: =IF(COUNTA(D15:Y15)=0,"",COUNTIF(D15:Y15,"✅")/22)
A16: 46338 | B16: =INT((A16-$A$5)/7)+1 -> 2 | C16: Чт | AB16: =IF(COUNTA(D16:Y16)=0,"",COUNTIF(D16:Y16,"✅")/22)
... A67: 46389 | B67: =INT((A67-$A$5)/7)+1 -> 9 | C67: Сб | AB67: =IF(COUNTA(D67:Y67)=0,"",COUNTIF(D67:Y67,"✅")/22)

Sheet Чек-лист — Юзер 2
A1: Ежедневный чек-лист — Юзер 2
A2: Ставь ✅ или ❌ в жёлтых клетках (выпадающий список). Числа — вписывай. % дня считается сам.
A4: Дата | B4: Неделя | C4: День | D4: Фаджр | E4: Зухр | F4: Аср | G4: Магриб | H4: Иша | I4: Коран 10–15 мин | J4: Зикр | K4: Без харама | L4: Учёба / уроки без телефона | M4: Развитие 30–60 мин | N4: Задание от Бектура | O4: Шахматы | P4: Английский 20 мин | Q4: ИИ-инструменты | R4: Проект / подкаст | S4: Спорт / активность | T4: Вода 2 л | U4: Нормальное питание | V4: Сон 6–8 ч | W4: Доброе дело | X4: Родители | Y4: Без пустой траты времени | Z4: Часов учёбы | AA4: Страниц книги | AB4: % дня | AC4: Что сделал хорошо | AD4: Где был слаб | AE4: Что исправлю завтра
A5: 46327 | B5: =INT((A5-$A$5)/7)+1 -> 1 | C5: Вс | AB5: =IF(COUNTA(D5:Y5)=0,"",COUNTIF(D5:Y5,"✅")/22)
A6: 46328 | B6: =INT((A6-$A$5)/7)+1 -> 1 | C6: Пн | AB6: =IF(COUNTA(D6:Y6)=0,"",COUNTIF(D6:Y6,"✅")/22)
A7: 46329 | B7: =INT((A7-$A$5)/7)+1 -> 1 | C7: Вт | AB7: =IF(COUNTA(D7:Y7)=0,"",COUNTIF(D7:Y7,"✅")/22)
A8: 46330 | B8: =INT((A8-$A$5)/7)+1 -> 1 | C8: Ср | AB8: =IF(COUNTA(D8:Y8)=0,"",COUNTIF(D8:Y8,"✅")/22)
A9: 46331 | B9: =INT((A9-$A$5)/7)+1 -> 1 | C9: Чт | AB9: =IF(COUNTA(D9:Y9)=0,"",COUNTIF(D9:Y9,"✅")/22)
A10: 46332 | B10: =INT((A10-$A$5)/7)+1 -> 1 | C10: Пт | AB10: =IF(COUNTA(D10:Y10)=0,"",COUNTIF(D10:Y10,"✅")/22)
A11: 46333 | B11: =INT((A11-$A$5)/7)+1 -> 1 | C11: Сб | AB11: =IF(COUNTA(D11:Y11)=0,"",COUNTIF(D11:Y11,"✅")/22)
A12: 46334 | B12: =INT((A12-$A$5)/7)+1 -> 2 | C12: Вс | AB12: =IF(COUNTA(D12:Y12)=0,"",COUNTIF(D12:Y12,"✅")/22)
A13: 46335 | B13: =INT((A13-$A$5)/7)+1 -> 2 | C13: Пн | AB13: =IF(COUNTA(D13:Y13)=0,"",COUNTIF(D13:Y13,"✅")/22)
A14: 46336 | B14: =INT((A14-$A$5)/7)+1 -> 2 | C14: Вт | AB14: =IF(COUNTA(D14:Y14)=0,"",COUNTIF(D14:Y14,"✅")/22)
A15: 46337 | B15: =INT((A15-$A$5)/7)+1 -> 2 | C15: Ср | AB15: =IF(COUNTA(D15:Y15)=0,"",COUNTIF(D15:Y15,"✅")/22)
A16: 46338 | B16: =INT((A16-$A$5)/7)+1 -> 2 | C16: Чт | AB16: =IF(COUNTA(D16:Y16)=0,"",COUNTIF(D16:Y16,"✅")/22)
... A67: 46389 | B67: =INT((A67-$A$5)/7)+1 -> 9 | C67: Сб | AB67: =IF(COUNTA(D67:Y67)=0,"",COUNTIF(D67:Y67,"✅")/22)

Sheet Чек-лист — Юзер 3
A1: Ежедневный чек-лист — Юзер 3
A2: Ставь ✅ или ❌ в жёлтых клетках (выпадающий список). Числа — вписывай. % дня считается сам.
A4: Дата | B4: Неделя | C4: День | D4: Фаджр | E4: Зухр | F4: Аср | G4: Магриб | H4: Иша | I4: Коран 10–15 мин | J4: Зикр | K4: Без харама | L4: Учёба / уроки без телефона | M4: Развитие 30–60 мин | N4: Задание от Бектура | O4: Шахматы | P4: Английский 20 мин | Q4: ИИ-инструменты | R4: Проект / подкаст | S4: Спорт / активность | T4: Вода 2 л | U4: Нормальное питание | V4: Сон 6–8 ч | W4: Доброе дело | X4: Родители | Y4: Без пустой траты времени | Z4: Часов учёбы | AA4: Страниц книги | AB4: % дня | AC4: Что сделал хорошо | AD4: Где был слаб | AE4: Что исправлю завтра
A5: 46327 | B5: =INT((A5-$A$5)/7)+1 -> 1 | C5: Вс | AB5: =IF(COUNTA(D5:Y5)=0,"",COUNTIF(D5:Y5,"✅")/22)
A6: 46328 | B6: =INT((A6-$A$5)/7)+1 -> 1 | C6: Пн | AB6: =IF(COUNTA(D6:Y6)=0,"",COUNTIF(D6:Y6,"✅")/22)
A7: 46329 | B7: =INT((A7-$A$5)/7)+1 -> 1 | C7: Вт | AB7: =IF(COUNTA(D7:Y7)=0,"",COUNTIF(D7:Y7,"✅")/22)
A8: 46330 | B8: =INT((A8-$A$5)/7)+1 -> 1 | C8: Ср | AB8: =IF(COUNTA(D8:Y8)=0,"",COUNTIF(D8:Y8,"✅")/22)
A9: 46331 | B9: =INT((A9-$A$5)/7)+1 -> 1 | C9: Чт | AB9: =IF(COUNTA(D9:Y9)=0,"",COUNTIF(D9:Y9,"✅")/22)
A10: 46332 | B10: =INT((A10-$A$5)/7)+1 -> 1 | C10: Пт | AB10: =IF(COUNTA(D10:Y10)=0,"",COUNTIF(D10:Y10,"✅")/22)
A11: 46333 | B11: =INT((A11-$A$5)/7)+1 -> 1 | C11: Сб | AB11: =IF(COUNTA(D11:Y11)=0,"",COUNTIF(D11:Y11,"✅")/22)
A12: 46334 | B12: =INT((A12-$A$5)/7)+1 -> 2 | C12: Вс | AB12: =IF(COUNTA(D12:Y12)=0,"",COUNTIF(D12:Y12,"✅")/22)
A13: 46335 | B13: =INT((A13-$A$5)/7)+1 -> 2 | C13: Пн | AB13: =IF(COUNTA(D13:Y13)=0,"",COUNTIF(D13:Y13,"✅")/22)
A14: 46336 | B14: =INT((A14-$A$5)/7)+1 -> 2 | C14: Вт | AB14: =IF(COUNTA(D14:Y14)=0,"",COUNTIF(D14:Y14,"✅")/22)
A15: 46337 | B15: =INT((A15-$A$5)/7)+1 -> 2 | C15: Ср | AB15: =IF(COUNTA(D15:Y15)=0,"",COUNTIF(D15:Y15,"✅")/22)
A16: 46338 | B16: =INT((A16-$A$5)/7)+1 -> 2 | C16: Чт | AB16: =IF(COUNTA(D16:Y16)=0,"",COUNTIF(D16:Y16,"✅")/22)
... A67: 46389 | B67: =INT((A67-$A$5)/7)+1 -> 9 | C67: Сб | AB67: =IF(COUNTA(D67:Y67)=0,"",COUNTIF(D67:Y67,"✅")/22)

Sheet Чек-лист — Юзер 4
A1: Ежедневный чек-лист — Юзер 4
A2: Ставь ✅ или ❌ в жёлтых клетках (выпадающий список). Числа — вписывай. % дня считается сам.
A4: Дата | B4: Неделя | C4: День | D4: Фаджр | E4: Зухр | F4: Аср | G4: Магриб | H4: Иша | I4: Коран 10–15 мин | J4: Зикр | K4: Без харама | L4: Учёба / уроки без телефона | M4: Развитие 30–60 мин | N4: Задание от Бектура | O4: Шахматы | P4: Английский 20 мин | Q4: ИИ-инструменты | R4: Проект / подкаст | S4: Спорт / активность | T4: Вода 2 л | U4: Нормальное питание | V4: Сон 6–8 ч | W4: Доброе дело | X4: Родители | Y4: Без пустой траты времени | Z4: Часов учёбы | AA4: Страниц книги | AB4: % дня | AC4: Что сделал хорошо | AD4: Где был слаб | AE4: Что исправлю завтра
A5: 46327 | B5: =INT((A5-$A$5)/7)+1 -> 1 | C5: Вс | AB5: =IF(COUNTA(D5:Y5)=0,"",COUNTIF(D5:Y5,"✅")/22)
A6: 46328 | B6: =INT((A6-$A$5)/7)+1 -> 1 | C6: Пн | AB6: =IF(COUNTA(D6:Y6)=0,"",COUNTIF(D6:Y6,"✅")/22)
A7: 46329 | B7: =INT((A7-$A$5)/7)+1 -> 1 | C7: Вт | AB7: =IF(COUNTA(D7:Y7)=0,"",COUNTIF(D7:Y7,"✅")/22)
A8: 46330 | B8: =INT((A8-$A$5)/7)+1 -> 1 | C8: Ср | AB8: =IF(COUNTA(D8:Y8)=0,"",COUNTIF(D8:Y8,"✅")/22)
A9: 46331 | B9: =INT((A9-$A$5)/7)+1 -> 1 | C9: Чт | AB9: =IF(COUNTA(D9:Y9)=0,"",COUNTIF(D9:Y9,"✅")/22)
A10: 46332 | B10: =INT((A10-$A$5)/7)+1 -> 1 | C10: Пт | AB10: =IF(COUNTA(D10:Y10)=0,"",COUNTIF(D10:Y10,"✅")/22)
A11: 46333 | B11: =INT((A11-$A$5)/7)+1 -> 1 | C11: Сб | AB11: =IF(COUNTA(D11:Y11)=0,"",COUNTIF(D11:Y11,"✅")/22)
A12: 46334 | B12: =INT((A12-$A$5)/7)+1 -> 2 | C12: Вс | AB12: =IF(COUNTA(D12:Y12)=0,"",COUNTIF(D12:Y12,"✅")/22)
A13: 46335 | B13: =INT((A13-$A$5)/7)+1 -> 2 | C13: Пн | AB13: =IF(COUNTA(D13:Y13)=0,"",COUNTIF(D13:Y13,"✅")/22)
A14: 46336 | B14: =INT((A14-$A$5)/7)+1 -> 2 | C14: Вт | AB14: =IF(COUNTA(D14:Y14)=0,"",COUNTIF(D14:Y14,"✅")/22)
A15: 46337 | B15: =INT((A15-$A$5)/7)+1 -> 2 | C15: Ср | AB15: =IF(COUNTA(D15:Y15)=0,"",COUNTIF(D15:Y15,"✅")/22)
A16: 46338 | B16: =INT((A16-$A$5)/7)+1 -> 2 | C16: Чт | AB16: =IF(COUNTA(D16:Y16)=0,"",COUNTIF(D16:Y16,"✅")/22)
... A67: 46389 | B67: =INT((A67-$A$5)/7)+1 -> 9 | C67: Сб | AB67: =IF(COUNTA(D67:Y67)=0,"",COUNTIF(D67:Y67,"✅")/22)

Sheet Итоги
A1: Итоги по неделям
A2: Считается автоматически из чек-листов. Смотрим вместе на созвоне.
A4: Неделя | B4: С | C4: По | D4: Бектур: средний % | E4: Бектур: намазов из 35 | F4: Бектур: часов учёбы | G4: Бектур: страниц книги | H4: Юзер 1: средний % | I4: Юзер 1: намазов из 35 | J4: Юзер 1: часов учёбы | K4: Юзер 1: страниц книги | L4: Юзер 2: средний % | M4: Юзер 2: намазов из 35 | N4: Юзер 2: часов учёбы | O4: Юзер 2: страниц книги | P4: Юзер 3: средний % | Q4: Юзер 3: намазов из 35 | R4: Юзер 3: часов учёбы | S4: Юзер 3: страниц книги | T4: Юзер 4: средний % | U4: Юзер 4: намазов из 35 | V4: Юзер 4: часов учёбы | W4: Юзер 4: страниц книги
A5: 1 | B5: 46327 | C5: 46333 | D5: =IFERROR(AVERAGEIFS('Чек-лист — Бектур'!$AB$5:$AB$67,'Чек-лист — Бектур'!$B$5:$B$67,$A5),"") -> 0.95454545 | E5: =SUMPRODUCT(('Чек-лист — Бектур'!$B$5:$B$67=$A5)*('Чек-лист — Бектур'!$D$5:$H$67="✅")) -> 5 | F5: =SUMIFS('Чек-лист — Бектур'!$Z$5:$Z$67,'Чек-лист — Бектур'!$B$5:$B$67,$A5) -> 3 | G5: =SUMIFS('Чек-лист — Бектур'!$AA$5:$AA$67,'Чек-лист — Бектур'!$B$5:$B$67,$A5) -> 25 | H5: =IFERROR(AVERAGEIFS('Чек-лист — Юзер 1'!$AB$5:$AB$67,'Чек-лист — Юзер 1'!$B$5:$B$67,$A5),"") | I5: =SUMPRODUCT(('Чек-лист — Юзер 1'!$B$5:$B$67=$A5)*('Чек-лист — Юзер 1'!$D$5:$H$67="✅")) -> 0 | J5: =SUMIFS('Чек-лист — Юзер 1'!$Z$5:$Z$67,'Чек-лист — Юзер 1'!$B$5:$B$67,$A5) -> 0 | K5: =SUMIFS('Чек-лист — Юзер 1'!$AA$5:$AA$67,'Чек-лист — Юзер 1'!$B$5:$B$67,$A5) -> 0 | L5: =IFERROR(AVERAGEIFS('Чек-лист — Юзер 2'!$AB$5:$AB$67,'Чек-лист — Юзер 2'!$B$5:$B$67,$A5),"") | M5: =SUMPRODUCT(('Чек-лист — Юзер 2'!$B$5:$B$67=$A5)*('Чек-лист — Юзер 2'!$D$5:$H$67="✅")) -> 0 | N5: =SUMIFS('Чек-лист — Юзер 2'!$Z$5:$Z$67,'Чек-лист — Юзер 2'!$B$5:$B$67,$A5) -> 0 | O5: =SUMIFS('Чек-лист — Юзер 2'!$AA$5:$AA$67,'Чек-лист — Юзер 2'!$B$5:$B$67,$A5) -> 0 | P5: =IFERROR(AVERAGEIFS('Чек-лист — Юзер 3'!$AB$5:$AB$67,'Чек-лист — Юзер 3'!$B$5:$B$67,$A5),"") | Q5: =SUMPRODUCT(('Чек-лист — Юзер 3'!$B$5:$B$67=$A5)*('Чек-лист — Юзер 3'!$D$5:$H$67="✅")) -> 0 | R5: =SUMIFS('Чек-лист — Юзер 3'!$Z$5:$Z$67,'Чек-лист — Юзер 3'!$B$5:$B$67,$A5) -> 0 | S5: =SUMIFS('Чек-лист — Юзер 3'!$AA$5:$AA$67,'Чек-лист — Юзер 3'!$B$5:$B$67,$A5) -> 0 | T5: =IFERROR(AVERAGEIFS('Чек-лист — Юзер 4'!$AB$5:$AB$67,'Чек-лист — Юзер 4'!$B$5:$B$67,$A5),"") | U5: =SUMPRODUCT(('Чек-лист — Юзер 4'!$B$5:$B$67=$A5)*('Чек-лист — Юзер 4'!$D$5:$H$67="✅")) -> 0 | V5: =SUMIFS('Чек-лист — Юзер 4'!$Z$5:$Z$67,'Чек-лист — Юзер 4'!$B$5:$B$67,$A5) -> 0 | W5: =SUMIFS('Чек-лист — Юзер 4'!$AA$5:$AA$67,'Чек-лист — Юзер 4'!$B$5:$B$67,$A5) -> 0
A6: 2 | B6: 46334 | C6: 46340 | D6: =IFERROR(AVERAGEIFS('Чек-лист — Бектур'!$AB$5:$AB$67,'Чек-лист — Бектур'!$B$5:$B$67,$A6),"") | E6: =SUMPRODUCT(('Чек-лист — Бектур'!$B$5:$B$67=$A6)*('Чек-лист — Бектур'!$D$5:$H$67="✅")) -> 0 | F6: =SUMIFS('Чек-лист — Бектур'!$Z$5:$Z$67,'Чек-лист — Бектур'!$B$5:$B$67,$A6) -> 0 | G6: =SUMIFS('Чек-лист — Бектур'!$AA$5:$AA$67,'Чек-лист — Бектур'!$B$5:$B$67,$A6) -> 0 | H6: =IFERROR(AVERAGEIFS('Чек-лист — Юзер 1'!$AB$5:$AB$67,'Чек-лист — Юзер 1'!$B$5:$B$67,$A6),"") | I6: =SUMPRODUCT(('Чек-лист — Юзер 1'!$B$5:$B$67=$A6)*('Чек-лист — Юзер 1'!$D$5:$H$67="✅")) -> 0 | J6: =SUMIFS('Чек-лист — Юзер 1'!$Z$5:$Z$67,'Чек-лист — Юзер 1'!$B$5:$B$67,$A6) -> 0 | K6: =SUMIFS('Чек-лист — Юзер 1'!$AA$5:$AA$67,'Чек-лист — Юзер 1'!$B$5:$B$67,$A6) -> 0 | L6: =IFERROR(AVERAGEIFS('Чек-лист — Юзер 2'!$AB$5:$AB$67,'Чек-лист — Юзер 2'!$B$5:$B$67,$A6),"") | M6: =SUMPRODUCT(('Чек-лист — Юзер 2'!$B$5:$B$67=$A6)*('Чек-лист — Юзер 2'!$D$5:$H$67="✅")) -> 0 | N6: =SUMIFS('Чек-лист — Юзер 2'!$Z$5:$Z$67,'Чек-лист — Юзер 2'!$B$5:$B$67,$A6) -> 0 | O6: =SUMIFS('Чек-лист — Юзер 2'!$AA$5:$AA$67,'Чек-лист — Юзер 2'!$B$5:$B$67,$A6) -> 0 | P6: =IFERROR(AVERAGEIFS('Чек-лист — Юзер 3'!$AB$5:$AB$67,'Чек-лист — Юзер 3'!$B$5:$B$67,$A6),"") | Q6: =SUMPRODUCT(('Чек-лист — Юзер 3'!$B$5:$B$67=$A6)*('Чек-лист — Юзер 3'!$D$5:$H$67="✅")) -> 0 | R6: =SUMIFS('Чек-лист — Юзер 3'!$Z$5:$Z$67,'Чек-лист — Юзер 3'!$B$5:$B$67,$A6) -> 0 | S6: =SUMIFS('Чек-лист — Юзер 3'!$AA$5:$AA$67,'Чек-лист — Юзер 3'!$B$5:$B$67,$A6) -> 0 | T6: =IFERROR(AVERAGEIFS('Чек-лист — Юзер 4'!$AB$5:$AB$67,'Чек-лист — Юзер 4'!$B$5:$B$67,$A6),"") | U6: =SUMPRODUCT(('Чек-лист — Юзер 4'!$B$5:$B$67=$A6)*('Чек-лист — Юзер 4'!$D$5:$H$67="✅")) -> 0 | V6: =SUMIFS('Чек-лист — Юзер 4'!$Z$5:$Z$67,'Чек-лист — Юзер 4'!$B$5:$B$67,$A6) -> 0 | W6: =SUMIFS('Чек-лист — Юзер 4'!$AA$5:$AA$67,'Чек-лист — Юзер 4'!$B$5:$B$67,$A6) -> 0
A7: 3 | B7: 46341 | C7: 46347 | D7: =IFERROR(AVERAGEIFS('Чек-лист — Бектур'!$AB$5:$AB$67,'Чек-лист — Бектур'!$B$5:$B$67,$A7),"") | E7: =SUMPRODUCT(('Чек-лист — Бектур'!$B$5:$B$67=$A7)*('Чек-лист — Бектур'!$D$5:$H$67="✅")) -> 0 | F7: =SUMIFS('Чек-лист — Бектур'!$Z$5:$Z$67,'Чек-лист — Бектур'!$B$5:$B$67,$A7) -> 0 | G7: =SUMIFS('Чек-лист — Бектур'!$AA$5:$AA$67,'Чек-лист — Бектур'!$B$5:$B$67,$A7) -> 0 | H7: =IFERROR(AVERAGEIFS('Чек-лист — Юзер 1'!$AB$5:$AB$67,'Чек-лист — Юзер 1'!$B$5:$B$67,$A7),"") | I7: =SUMPRODUCT(('Чек-лист — Юзер 1'!$B$5:$B$67=$A7)*('Чек-лист — Юзер 1'!$D$5:$H$67="✅")) -> 0 | J7: =SUMIFS('Чек-лист — Юзер 1'!$Z$5:$Z$67,'Чек-лист — Юзер 1'!$B$5:$B$67,$A7) -> 0 | K7: =SUMIFS('Чек-лист — Юзер 1'!$AA$5:$AA$67,'Чек-лист — Юзер 1'!$B$5:$B$67,$A7) -> 0 | L7: =IFERROR(AVERAGEIFS('Чек-лист — Юзер 2'!$AB$5:$AB$67,'Чек-лист — Юзер 2'!$B$5:$B$67,$A7),"") | M7: =SUMPRODUCT(('Чек-лист — Юзер 2'!$B$5:$B$67=$A7)*('Чек-лист — Юзер 2'!$D$5:$H$67="✅")) -> 0 | N7: =SUMIFS('Чек-лист — Юзер 2'!$Z$5:$Z$67,'Чек-лист — Юзер 2'!$B$5:$B$67,$A7) -> 0 | O7: =SUMIFS('Чек-лист — Юзер 2'!$AA$5:$AA$67,'Чек-лист — Юзер 2'!$B$5:$B$67,$A7) -> 0 | P7: =IFERROR(AVERAGEIFS('Чек-лист — Юзер 3'!$AB$5:$AB$67,'Чек-лист — Юзер 3'!$B$5:$B$67,$A7),"") | Q7: =SUMPRODUCT(('Чек-лист — Юзер 3'!$B$5:$B$67=$A7)*('Чек-лист — Юзер 3'!$D$5:$H$67="✅")) -> 0 | R7: =SUMIFS('Чек-лист — Юзер 3'!$Z$5:$Z$67,'Чек-лист — Юзер 3'!$B$5:$B$67,$A7) -> 0 | S7: =SUMIFS('Чек-лист — Юзер 3'!$AA$5:$AA$67,'Чек-лист — Юзер 3'!$B$5:$B$67,$A7) -> 0 | T7: =IFERROR(AVERAGEIFS('Чек-лист — Юзер 4'!$AB$5:$AB$67,'Чек-лист — Юзер 4'!$B$5:$B$67,$A7),"") | U7: =SUMPRODUCT(('Чек-лист — Юзер 4'!$B$5:$B$67=$A7)*('Чек-лист — Юзер 4'!$D$5:$H$67="✅")) -> 0 | V7: =SUMIFS('Чек-лист — Юзер 4'!$Z$5:$Z$67,'Чек-лист — Юзер 4'!$B$5:$B$67,$A7) -> 0 | W7: =SUMIFS('Чек-лист — Юзер 4'!$AA$5:$AA$67,'Чек-лист — Юзер 4'!$B$5:$B$67,$A7) -> 0
A8: 4 | B8: 46348 | C8: 46354 | D8: =IFERROR(AVERAGEIFS('Чек-лист — Бектур'!$AB$5:$AB$67,'Чек-лист — Бектур'!$B$5:$B$67,$A8),"") | E8: =SUMPRODUCT(('Чек-лист — Бектур'!$B$5:$B$67=$A8)*('Чек-лист — Бектур'!$D$5:$H$67="✅")) -> 0 | F8: =SUMIFS('Чек-лист — Бектур'!$Z$5:$Z$67,'Чек-лист — Бектур'!$B$5:$B$67,$A8) -> 0 | G8: =SUMIFS('Чек-лист — Бектур'!$AA$5:$AA$67,'Чек-лист — Бектур'!$B$5:$B$67,$A8) -> 0 | H8: =IFERROR(AVERAGEIFS('Чек-лист — Юзер 1'!$AB$5:$AB$67,'Чек-лист — Юзер 1'!$B$5:$B$67,$A8),"") | I8: =SUMPRODUCT(('Чек-лист — Юзер 1'!$B$5:$B$67=$A8)*('Чек-лист — Юзер 1'!$D$5:$H$67="✅")) -> 0 | J8: =SUMIFS('Чек-лист — Юзер 1'!$Z$5:$Z$67,'Чек-лист — Юзер 1'!$B$5:$B$67,$A8) -> 0 | K8: =SUMIFS('Чек-лист — Юзер 1'!$AA$5:$AA$67,'Чек-лист — Юзер 1'!$B$5:$B$67,$A8) -> 0 | L8: =IFERROR(AVERAGEIFS('Чек-лист — Юзер 2'!$AB$5:$AB$67,'Чек-лист — Юзер 2'!$B$5:$B$67,$A8),"") | M8: =SUMPRODUCT(('Чек-лист — Юзер 2'!$B$5:$B$67=$A8)*('Чек-лист — Юзер 2'!$D$5:$H$67="✅")) -> 0 | N8: =SUMIFS('Чек-лист — Юзер 2'!$Z$5:$Z$67,'Чек-лист — Юзер 2'!$B$5:$B$67,$A8) -> 0 | O8: =SUMIFS('Чек-лист — Юзер 2'!$AA$5:$AA$67,'Чек-лист — Юзер 2'!$B$5:$B$67,$A8) -> 0 | P8: =IFERROR(AVERAGEIFS('Чек-лист — Юзер 3'!$AB$5:$AB$67,'Чек-лист — Юзер 3'!$B$5:$B$67,$A8),"") | Q8: =SUMPRODUCT(('Чек-лист — Юзер 3'!$B$5:$B$67=$A8)*('Чек-лист — Юзер 3'!$D$5:$H$67="✅")) -> 0 | R8: =SUMIFS('Чек-лист — Юзер 3'!$Z$5:$Z$67,'Чек-лист — Юзер 3'!$B$5:$B$67,$A8) -> 0 | S8: =SUMIFS('Чек-лист — Юзер 3'!$AA$5:$AA$67,'Чек-лист — Юзер 3'!$B$5:$B$67,$A8) -> 0 | T8: =IFERROR(AVERAGEIFS('Чек-лист — Юзер 4'!$AB$5:$AB$67,'Чек-лист — Юзер 4'!$B$5:$B$67,$A8),"") | U8: =SUMPRODUCT(('Чек-лист — Юзер 4'!$B$5:$B$67=$A8)*('Чек-лист — Юзер 4'!$D$5:$H$67="✅")) -> 0 | V8: =SUMIFS('Чек-лист — Юзер 4'!$Z$5:$Z$67,'Чек-лист — Юзер 4'!$B$5:$B$67,$A8) -> 0 | W8: =SUMIFS('Чек-лист — Юзер 4'!$AA$5:$AA$67,'Чек-лист — Юзер 4'!$B$5:$B$67,$A8) -> 0
A9: 5 | B9: 46355 | C9: 46361 | D9: =IFERROR(AVERAGEIFS('Чек-лист — Бектур'!$AB$5:$AB$67,'Чек-лист — Бектур'!$B$5:$B$67,$A9),"") | E9: =SUMPRODUCT(('Чек-лист — Бектур'!$B$5:$B$67=$A9)*('Чек-лист — Бектур'!$D$5:$H$67="✅")) -> 0 | F9: =SUMIFS('Чек-лист — Бектур'!$Z$5:$Z$67,'Чек-лист — Бектур'!$B$5:$B$67,$A9) -> 0 | G9: =SUMIFS('Чек-лист — Бектур'!$AA$5:$AA$67,'Чек-лист — Бектур'!$B$5:$B$67,$A9) -> 0 | H9: =IFERROR(AVERAGEIFS('Чек-лист — Юзер 1'!$AB$5:$AB$67,'Чек-лист — Юзер 1'!$B$5:$B$67,$A9),"") | I9: =SUMPRODUCT(('Чек-лист — Юзер 1'!$B$5:$B$67=$A9)*('Чек-лист — Юзер 1'!$D$5:$H$67="✅")) -> 0 | J9: =SUMIFS('Чек-лист — Юзер 1'!$Z$5:$Z$67,'Чек-лист — Юзер 1'!$B$5:$B$67,$A9) -> 0 | K9: =SUMIFS('Чек-лист — Юзер 1'!$AA$5:$AA$67,'Чек-лист — Юзер 1'!$B$5:$B$67,$A9) -> 0 | L9: =IFERROR(AVERAGEIFS('Чек-лист — Юзер 2'!$AB$5:$AB$67,'Чек-лист — Юзер 2'!$B$5:$B$67,$A9),"") | M9: =SUMPRODUCT(('Чек-лист — Юзер 2'!$B$5:$B$67=$A9)*('Чек-лист — Юзер 2'!$D$5:$H$67="✅")) -> 0 | N9: =SUMIFS('Чек-лист — Юзер 2'!$Z$5:$Z$67,'Чек-лист — Юзер 2'!$B$5:$B$67,$A9) -> 0 | O9: =SUMIFS('Чек-лист — Юзер 2'!$AA$5:$AA$67,'Чек-лист — Юзер 2'!$B$5:$B$67,$A9) -> 0 | P9: =IFERROR(AVERAGEIFS('Чек-лист — Юзер 3'!$AB$5:$AB$67,'Чек-лист — Юзер 3'!$B$5:$B$67,$A9),"") | Q9: =SUMPRODUCT(('Чек-лист — Юзер 3'!$B$5:$B$67=$A9)*('Чек-лист — Юзер 3'!$D$5:$H$67="✅")) -> 0 | R9: =SUMIFS('Чек-лист — Юзер 3'!$Z$5:$Z$67,'Чек-лист — Юзер 3'!$B$5:$B$67,$A9) -> 0 | S9: =SUMIFS('Чек-лист — Юзер 3'!$AA$5:$AA$67,'Чек-лист — Юзер 3'!$B$5:$B$67,$A9) -> 0 | T9: =IFERROR(AVERAGEIFS('Чек-лист — Юзер 4'!$AB$5:$AB$67,'Чек-лист — Юзер 4'!$B$5:$B$67,$A9),"") | U9: =SUMPRODUCT(('Чек-лист — Юзер 4'!$B$5:$B$67=$A9)*('Чек-лист — Юзер 4'!$D$5:$H$67="✅")) -> 0 | V9: =SUMIFS('Чек-лист — Юзер 4'!$Z$5:$Z$67,'Чек-лист — Юзер 4'!$B$5:$B$67,$A9) -> 0 | W9: =SUMIFS('Чек-лист — Юзер 4'!$AA$5:$AA$67,'Чек-лист — Юзер 4'!$B$5:$B$67,$A9) -> 0
A10: 6 | B10: 46362 | C10: 46368 | D10: =IFERROR(AVERAGEIFS('Чек-лист — Бектур'!$AB$5:$AB$67,'Чек-лист — Бектур'!$B$5:$B$67,$A10),"") | E10: =SUMPRODUCT(('Чек-лист — Бектур'!$B$5:$B$67=$A10)*('Чек-лист — Бектур'!$D$5:$H$67="✅")) -> 0 | F10: =SUMIFS('Чек-лист — Бектур'!$Z$5:$Z$67,'Чек-лист — Бектур'!$B$5:$B$67,$A10) -> 0 | G10: =SUMIFS('Чек-лист — Бектур'!$AA$5:$AA$67,'Чек-лист — Бектур'!$B$5:$B$67,$A10) -> 0 | H10: =IFERROR(AVERAGEIFS('Чек-лист — Юзер 1'!$AB$5:$AB$67,'Чек-лист — Юзер 1'!$B$5:$B$67,$A10),"") | I10: =SUMPRODUCT(('Чек-лист — Юзер 1'!$B$5:$B$67=$A10)*('Чек-лист — Юзер 1'!$D$5:$H$67="✅")) -> 0 | J10: =SUMIFS('Чек-лист — Юзер 1'!$Z$5:$Z$67,'Чек-лист — Юзер 1'!$B$5:$B$67,$A10) -> 0 | K10: =SUMIFS('Чек-лист — Юзер 1'!$AA$5:$AA$67,'Чек-лист — Юзер 1'!$B$5:$B$67,$A10) -> 0 | L10: =IFERROR(AVERAGEIFS('Чек-лист — Юзер 2'!$AB$5:$AB$67,'Чек-лист — Юзер 2'!$B$5:$B$67,$A10),"") | M10: =SUMPRODUCT(('Чек-лист — Юзер 2'!$B$5:$B$67=$A10)*('Чек-лист — Юзер 2'!$D$5:$H$67="✅")) -> 0 | N10: =SUMIFS('Чек-лист — Юзер 2'!$Z$5:$Z$67,'Чек-лист — Юзер 2'!$B$5:$B$67,$A10) -> 0 | O10: =SUMIFS('Чек-лист — Юзер 2'!$AA$5:$AA$67,'Чек-лист — Юзер 2'!$B$5:$B$67,$A10) -> 0 | P10: =IFERROR(AVERAGEIFS('Чек-лист — Юзер 3'!$AB$5:$AB$67,'Чек-лист — Юзер 3'!$B$5:$B$67,$A10),"") | Q10: =SUMPRODUCT(('Чек-лист — Юзер 3'!$B$5:$B$67=$A10)*('Чек-лист — Юзер 3'!$D$5:$H$67="✅")) -> 0 | R10: =SUMIFS('Чек-лист — Юзер 3'!$Z$5:$Z$67,'Чек-лист — Юзер 3'!$B$5:$B$67,$A10) -> 0 | S10: =SUMIFS('Чек-лист — Юзер 3'!$AA$5:$AA$67,'Чек-лист — Юзер 3'!$B$5:$B$67,$A10) -> 0 | T10: =IFERROR(AVERAGEIFS('Чек-лист — Юзер 4'!$AB$5:$AB$67,'Чек-лист — Юзер 4'!$B$5:$B$67,$A10),"") | U10: =SUMPRODUCT(('Чек-лист — Юзер 4'!$B$5:$B$67=$A10)*('Чек-лист — Юзер 4'!$D$5:$H$67="✅")) -> 0 | V10: =SUMIFS('Чек-лист — Юзер 4'!$Z$5:$Z$67,'Чек-лист — Юзер 4'!$B$5:$B$67,$A10) -> 0 | W10: =SUMIFS('Чек-лист — Юзер 4'!$AA$5:$AA$67,'Чек-лист — Юзер 4'!$B$5:$B$67,$A10) -> 0
A11: 7 | B11: 46369 | C11: 46375 | D11: =IFERROR(AVERAGEIFS('Чек-лист — Бектур'!$AB$5:$AB$67,'Чек-лист — Бектур'!$B$5:$B$67,$A11),"") | E11: =SUMPRODUCT(('Чек-лист — Бектур'!$B$5:$B$67=$A11)*('Чек-лист — Бектур'!$D$5:$H$67="✅")) -> 0 | F11: =SUMIFS('Чек-лист — Бектур'!$Z$5:$Z$67,'Чек-лист — Бектур'!$B$5:$B$67,$A11) -> 0 | G11: =SUMIFS('Чек-лист — Бектур'!$AA$5:$AA$67,'Чек-лист — Бектур'!$B$5:$B$67,$A11) -> 0 | H11: =IFERROR(AVERAGEIFS('Чек-лист — Юзер 1'!$AB$5:$AB$67,'Чек-лист — Юзер 1'!$B$5:$B$67,$A11),"") | I11: =SUMPRODUCT(('Чек-лист — Юзер 1'!$B$5:$B$67=$A11)*('Чек-лист — Юзер 1'!$D$5:$H$67="✅")) -> 0 | J11: =SUMIFS('Чек-лист — Юзер 1'!$Z$5:$Z$67,'Чек-лист — Юзер 1'!$B$5:$B$67,$A11) -> 0 | K11: =SUMIFS('Чек-лист — Юзер 1'!$AA$5:$AA$67,'Чек-лист — Юзер 1'!$B$5:$B$67,$A11) -> 0 | L11: =IFERROR(AVERAGEIFS('Чек-лист — Юзер 2'!$AB$5:$AB$67,'Чек-лист — Юзер 2'!$B$5:$B$67,$A11),"") | M11: =SUMPRODUCT(('Чек-лист — Юзер 2'!$B$5:$B$67=$A11)*('Чек-лист — Юзер 2'!$D$5:$H$67="✅")) -> 0 | N11: =SUMIFS('Чек-лист — Юзер 2'!$Z$5:$Z$67,'Чек-лист — Юзер 2'!$B$5:$B$67,$A11) -> 0 | O11: =SUMIFS('Чек-лист — Юзер 2'!$AA$5:$AA$67,'Чек-лист — Юзер 2'!$B$5:$B$67,$A11) -> 0 | P11: =IFERROR(AVERAGEIFS('Чек-лист — Юзер 3'!$AB$5:$AB$67,'Чек-лист — Юзер 3'!$B$5:$B$67,$A11),"") | Q11: =SUMPRODUCT(('Чек-лист — Юзер 3'!$B$5:$B$67=$A11)*('Чек-лист — Юзер 3'!$D$5:$H$67="✅")) -> 0 | R11: =SUMIFS('Чек-лист — Юзер 3'!$Z$5:$Z$67,'Чек-лист — Юзер 3'!$B$5:$B$67,$A11) -> 0 | S11: =SUMIFS('Чек-лист — Юзер 3'!$AA$5:$AA$67,'Чек-лист — Юзер 3'!$B$5:$B$67,$A11) -> 0 | T11: =IFERROR(AVERAGEIFS('Чек-лист — Юзер 4'!$AB$5:$AB$67,'Чек-лист — Юзер 4'!$B$5:$B$67,$A11),"") | U11: =SUMPRODUCT(('Чек-лист — Юзер 4'!$B$5:$B$67=$A11)*('Чек-лист — Юзер 4'!$D$5:$H$67="✅")) -> 0 | V11: =SUMIFS('Чек-лист — Юзер 4'!$Z$5:$Z$67,'Чек-лист — Юзер 4'!$B$5:$B$67,$A11) -> 0 | W11: =SUMIFS('Чек-лист — Юзер 4'!$AA$5:$AA$67,'Чек-лист — Юзер 4'!$B$5:$B$67,$A11) -> 0
A12: 8 | B12: 46376 | C12: 46382 | D12: =IFERROR(AVERAGEIFS('Чек-лист — Бектур'!$AB$5:$AB$67,'Чек-лист — Бектур'!$B$5:$B$67,$A12),"") | E12: =SUMPRODUCT(('Чек-лист — Бектур'!$B$5:$B$67=$A12)*('Чек-лист — Бектур'!$D$5:$H$67="✅")) -> 0 | F12: =SUMIFS('Чек-лист — Бектур'!$Z$5:$Z$67,'Чек-лист — Бектур'!$B$5:$B$67,$A12) -> 0 | G12: =SUMIFS('Чек-лист — Бектур'!$AA$5:$AA$67,'Чек-лист — Бектур'!$B$5:$B$67,$A12) -> 0 | H12: =IFERROR(AVERAGEIFS('Чек-лист — Юзер 1'!$AB$5:$AB$67,'Чек-лист — Юзер 1'!$B$5:$B$67,$A12),"") | I12: =SUMPRODUCT(('Чек-лист — Юзер 1'!$B$5:$B$67=$A12)*('Чек-лист — Юзер 1'!$D$5:$H$67="✅")) -> 0 | J12: =SUMIFS('Чек-лист — Юзер 1'!$Z$5:$Z$67,'Чек-лист — Юзер 1'!$B$5:$B$67,$A12) -> 0 | K12: =SUMIFS('Чек-лист — Юзер 1'!$AA$5:$AA$67,'Чек-лист — Юзер 1'!$B$5:$B$67,$A12) -> 0 | L12: =IFERROR(AVERAGEIFS('Чек-лист — Юзер 2'!$AB$5:$AB$67,'Чек-лист — Юзер 2'!$B$5:$B$67,$A12),"") | M12: =SUMPRODUCT(('Чек-лист — Юзер 2'!$B$5:$B$67=$A12)*('Чек-лист — Юзер 2'!$D$5:$H$67="✅")) -> 0 | N12: =SUMIFS('Чек-лист — Юзер 2'!$Z$5:$Z$67,'Чек-лист — Юзер 2'!$B$5:$B$67,$A12) -> 0 | O12: =SUMIFS('Чек-лист — Юзер 2'!$AA$5:$AA$67,'Чек-лист — Юзер 2'!$B$5:$B$67,$A12) -> 0 | P12: =IFERROR(AVERAGEIFS('Чек-лист — Юзер 3'!$AB$5:$AB$67,'Чек-лист — Юзер 3'!$B$5:$B$67,$A12),"") | Q12: =SUMPRODUCT(('Чек-лист — Юзер 3'!$B$5:$B$67=$A12)*('Чек-лист — Юзер 3'!$D$5:$H$67="✅")) -> 0 | R12: =SUMIFS('Чек-лист — Юзер 3'!$Z$5:$Z$67,'Чек-лист — Юзер 3'!$B$5:$B$67,$A12) -> 0 | S12: =SUMIFS('Чек-лист — Юзер 3'!$AA$5:$AA$67,'Чек-лист — Юзер 3'!$B$5:$B$67,$A12) -> 0 | T12: =IFERROR(AVERAGEIFS('Чек-лист — Юзер 4'!$AB$5:$AB$67,'Чек-лист — Юзер 4'!$B$5:$B$67,$A12),"") | U12: =SUMPRODUCT(('Чек-лист — Юзер 4'!$B$5:$B$67=$A12)*('Чек-лист — Юзер 4'!$D$5:$H$67="✅")) -> 0 | V12: =SUMIFS('Чек-лист — Юзер 4'!$Z$5:$Z$67,'Чек-лист — Юзер 4'!$B$5:$B$67,$A12) -> 0 | W12: =SUMIFS('Чек-лист — Юзер 4'!$AA$5:$AA$67,'Чек-лист — Юзер 4'!$B$5:$B$67,$A12) -> 0
A13: 9 | B13: 46383 | C13: 46389 | D13: =IFERROR(AVERAGEIFS('Чек-лист — Бектур'!$AB$5:$AB$67,'Чек-лист — Бектур'!$B$5:$B$67,$A13),"") | E13: =SUMPRODUCT(('Чек-лист — Бектур'!$B$5:$B$67=$A13)*('Чек-лист — Бектур'!$D$5:$H$67="✅")) -> 0 | F13: =SUMIFS('Чек-лист — Бектур'!$Z$5:$Z$67,'Чек-лист — Бектур'!$B$5:$B$67,$A13) -> 0 | G13: =SUMIFS('Чек-лист — Бектур'!$AA$5:$AA$67,'Чек-лист — Бектур'!$B$5:$B$67,$A13) -> 0 | H13: =IFERROR(AVERAGEIFS('Чек-лист — Юзер 1'!$AB$5:$AB$67,'Чек-лист — Юзер 1'!$B$5:$B$67,$A13),"") | I13: =SUMPRODUCT(('Чек-лист — Юзер 1'!$B$5:$B$67=$A13)*('Чек-лист — Юзер 1'!$D$5:$H$67="✅")) -> 0 | J13: =SUMIFS('Чек-лист — Юзер 1'!$Z$5:$Z$67,'Чек-лист — Юзер 1'!$B$5:$B$67,$A13) -> 0 | K13: =SUMIFS('Чек-лист — Юзер 1'!$AA$5:$AA$67,'Чек-лист — Юзер 1'!$B$5:$B$67,$A13) -> 0 | L13: =IFERROR(AVERAGEIFS('Чек-лист — Юзер 2'!$AB$5:$AB$67,'Чек-лист — Юзер 2'!$B$5:$B$67,$A13),"") | M13: =SUMPRODUCT(('Чек-лист — Юзер 2'!$B$5:$B$67=$A13)*('Чек-лист — Юзер 2'!$D$5:$H$67="✅")) -> 0 | N13: =SUMIFS('Чек-лист — Юзер 2'!$Z$5:$Z$67,'Чек-лист — Юзер 2'!$B$5:$B$67,$A13) -> 0 | O13: =SUMIFS('Чек-лист — Юзер 2'!$AA$5:$AA$67,'Чек-лист — Юзер 2'!$B$5:$B$67,$A13) -> 0 | P13: =IFERROR(AVERAGEIFS('Чек-лист — Юзер 3'!$AB$5:$AB$67,'Чек-лист — Юзер 3'!$B$5:$B$67,$A13),"") | Q13: =SUMPRODUCT(('Чек-лист — Юзер 3'!$B$5:$B$67=$A13)*('Чек-лист — Юзер 3'!$D$5:$H$67="✅")) -> 0 | R13: =SUMIFS('Чек-лист — Юзер 3'!$Z$5:$Z$67,'Чек-лист — Юзер 3'!$B$5:$B$67,$A13) -> 0 | S13: =SUMIFS('Чек-лист — Юзер 3'!$AA$5:$AA$67,'Чек-лист — Юзер 3'!$B$5:$B$67,$A13) -> 0 | T13: =IFERROR(AVERAGEIFS('Чек-лист — Юзер 4'!$AB$5:$AB$67,'Чек-лист — Юзер 4'!$B$5:$B$67,$A13),"") | U13: =SUMPRODUCT(('Чек-лист — Юзер 4'!$B$5:$B$67=$A13)*('Чек-лист — Юзер 4'!$D$5:$H$67="✅")) -> 0 | V13: =SUMIFS('Чек-лист — Юзер 4'!$Z$5:$Z$67,'Чек-лист — Юзер 4'!$B$5:$B$67,$A13) -> 0 | W13: =SUMIFS('Чек-лист — Юзер 4'!$AA$5:$AA$67,'Чек-лист — Юзер 4'!$B$5:$B$67,$A13) -> 0

Sheet Созвон
A1: Еженедельный созвон — воскресенье, 45–60 мин
A2: 1) Отчёт каждого (учёба, намаз, спорт, развитие) 2) Ошибки 3) Тема по исламу 4) План на неделю
A4: № | B4: Дата (Вс) | C4: Тема по исламу | D4: Отчёт: Бектур | E4: Отчёт: Юзер 1 | F4: Отчёт: Юзер 2 | G4: Отчёт: Юзер 3 | H4: Отчёт: Юзер 4 | I4: Ошибки / где были слабы | J4: Вывод по теме: как применить | K4: План на неделю | L4: Созвон был?
A5: 1 | B5: 46327 | C5: Намаз
A6: 2 | B6: 46334 | C6: Ният
A7: 3 | B7: 46341 | C7: Сабр
A8: 4 | B8: 46348 | C8: Таваккуль
A9: 5 | B9: 46355 | C9: Тауба
A10: 6 | B10: 46362 | C10: Ахляк
A11: 7 | B11: 46369 | C11: Ихсан
A12: 8 | B12: 46376 | C12: Намаз
A13: 9 | B13: 46383 | C13: Ният

Sheet Задания
A1: Задания от Бектура
A2: Бектур заполняет A–E и I–J, исполнитель — F–H и отправляет скрин заметок.
A4: Дата | B4: Кому | C4: Задание | D4: Ссылка / книга | E4: Срок | F4: Заметки (главные мысли) | G4: Что применит | H4: Сдал? | I4: Отзыв Бектура | J4: Оценка 1–5
A5: 46325 | B5: Юзер 2 | C5: Посмотреть подкаст и выписать заметки по шаблону | D5: ссылку скинет Бектур | E5: 46325
A6: 46327 | B6: Все | C6: «Атомные привычки» — гл. 1–2, 3 главные мысли | D6: Джеймс Клир | E6: 46329
A7: 46329 | B7: Все | C7: Выучить суру Аль-Аср и её смысл, рассказать своими словами | D7: Коран + тафсир | E7: 46331
A8: 46331 | B8: Все | C8: Подкаст про сон и фокус — что поменяю в режиме | D8: Huberman Lab (с субтитрами) | E8: 46333
A9: 46334 | B9: Все | C9: Записать свои цели на месяц и год (лист «Цели») | D9: — | E9: 46334
A10: 46336 | B10: Все | C10: Рисале-и Нур: одно из «Малых слов» — пересказ 5 предложений | D10: Саид Нурси, «Сөзлер» | E10: 46338
A11: 46338 | B11: Все | C11: Сыграть друг с другом партию в шахматы онлайн | D11: Lichess.org | E11: 46340
A12: 46339 | B12: Все | C12: Видео 1 мин на английском: что узнал за неделю | D12: камера телефона | E12: 46340
A54: Сдано заданий: | C54: =COUNTIF(H5:H52,"✅")&" из "&COUNTA(C5:C52) -> 0 из 8
A55: Средняя оценка: | C55: =IFERROR(ROUND(AVERAGE(J5:J52),1),"—") -> —

Sheet Цели
A1: Цели
A2: Месяц — 3 конкретные цели. Год — 3–5 больших. Цель = что + сколько + к какому числу.
A4: Кто | B4: Срок | C4: Сфера | D4: Цель (конкретно, измеримо) | E4: Первый шаг | F4: Статус
A5: Бектур | B5: Месяц | C5: Развитие | D5: Прочитать 600 страниц за ноябрь (20 стр/день) | E5: Сегодня 20 стр. «Сөзлер» после Иша | F5: В процессе
A6: Бектур | B6: Месяц
A7: Бектур | B7: Месяц
A8: Бектур | B8: Год
A9: Бектур | B9: Год
A10: Бектур | B10: Год
A11: Бектур | B11: Год
A12: Бектур | B12: Год
A13: Юзер 1 | B13: Месяц
A14: Юзер 1 | B14: Месяц
A15: Юзер 1 | B15: Месяц
A16: Юзер 1 | B16: Год
A17: Юзер 1 | B17: Год
... A44: Юзер 4 | B44: Год

Sheet Книги и навыки
A1: Книги, подкасты, навыки
A2: Отмечай, кто что начал / закончил. Новые идеи добавляем сюда.
A4: Категория | B4: Название | C4: Автор / где | D4: Зачем | E4: Формат | F4: Бектур | G4: Юзер 1 | H4: Юзер 2 | I4: Юзер 3 | J4: Юзер 4 | K4: Заметки
A5: Религия | B5: Рисале-и Нур: «Сөзлер» (Слова) | C5: Саид Нурси | D5: Вера через размышление; начать с «Малых слов» и 23-го Слова | E5: Книга
A6: Религия | B6: Рисале-и Нур: «Лемалар» (Вспышки) | C6: Саид Нурси | D6: Сабр, болезнь, тауба — прямо к темам созвонов | E6: Книга
A7: Религия | B7: «Изумрудные холмы сердца» | C7: Фетхуллах Гюлен | D7: Ихсан, ахляк, духовная работа над собой | E7: Книга
A8: Религия | B8: «Вечный свет: Пророк Мухаммад ﷺ» | C8: Фетхуллах Гюлен | D8: Сира — пример характера и лидерства | E8: Книга
A9: Религия | B9: Тафсир по 1 странице в день | C9: любой надёжный тафсир | D9: Понимать то, что читаешь в Коране | E9: Книга
A10: Мышление | B10: «Атомные привычки» | C10: Джеймс Клир | D10: Как держать дисциплину — основа всей этой системы | E10: Книга
A11: Мышление | B11: «Человек в поисках смысла» | C11: Виктор Франкл | D11: Сабр и смысл в трудности | E11: Книга
A12: Мышление | B12: «Думай медленно… решай быстро» | C12: Даниэль Канеман | D12: Как мозг ошибается | E12: Книга
A13: Учёба | B13: «Глубокая работа» | C13: Кэл Ньюпорт | D13: Фокус 2–4 часа без телефона | E13: Книга
A14: Финансы | B14: «Самый богатый человек в Вавилоне» | C14: Джордж Клейсон | D14: База: копить, не тратить всё, приумножать | E14: Книга
A15: Финансы | B15: «Богатый папа, бедный папа» | C15: Роберт Кийосаки | D15: Активы vs пассивы | E15: Книга
A16: Характер | B16: «Как завоёвывать друзей…» | C16: Дейл Карнеги | D16: Общение, уважение, добрые слова | E16: Книга
... A23: Игра | B23: Шахматы: 1 партия/задача в день | C23: Chess.com / Lichess | D23: Мышление на шаги вперёд, можно играть друг с другом онлайн | E23: Игра
