Workbook

Sheet Как пользоваться
A1: 🧱 ТРЕКЕР РОСТА — братишка (наставник: Бектур)
A3: КАЖДЫЙ ДЕНЬ
A4: 1. Лист «Чек-лист»: ставишь ✅/❌ по каждому пункту честно.
A5: 2. Вписываешь часы учёбы и страницы книги (норма: 2 ч и 15 стр.).
A6: 3. Пишешь 1 вещь, которую узнал сегодня, и где был слаб.
A7: ЗАДАНИЯ
A8: Лист «Задания»: что задал Бектур. Сделал → заполни заметки по шаблону и отправь Бектуру скрин. Бектур пишет отзыв и ставит оценку.
A9: ШАБЛОН ЗАМЕТОК ПО ПОДКАСТУ
A10: 1) Название и кто говорит 2) 3–5 главных мыслей своими словами 3) 1 цитата, которая зацепила 4) Что я применю уже завтра 5) С чем не согласен / вопрос Бектуру
A11: КАЖДОЕ ВОСКРЕСЕНЬЕ
A12: Короткий разговор с Бектуром (15–20 мин): % за неделю на листе «Итоги», что получилось, тема по исламу, задания на неделю.
A13: ⚡ Учёба в лицее — главное. Всё остальное помогает стать сильнее.
A15: Жёлтые клетки — вписываешь ты. Серые и белые — считаются сами, не трогай.

Sheet Чек-лист
A1: Ежедневный чек-лист — Братишка
A2: Ставь ✅ или ❌ в жёлтых клетках (выпадающий список). Числа — вписывай. % дня считается сам.
A4: Дата | B4: Неделя | C4: День | D4: Фаджр | E4: Зухр | F4: Аср | G4: Магриб | H4: Иша | I4: Коран 10 мин | J4: Уроки сделаны | K4: Задание от Бектура | L4: Заметки отправил | M4: Спорт / активность | N4: Помог дома | O4: Телефон ≤ 2 ч | P4: Сон до 23:00 | Q4: Доброе дело | R4: Часов учёбы | S4: Страниц книги | T4: % дня | U4: Что узнал нового сегодня | V4: Где был слаб / что исправлю
A5: 46325 | B5: =INT((A5-$A$5)/7)+1 -> 1 | C5: Пт | T5: =IF(COUNTA(D5:Q5)=0,"",COUNTIF(D5:Q5,"✅")/14)
A6: 46326 | B6: =INT((A6-$A$5)/7)+1 -> 1 | C6: Сб | T6: =IF(COUNTA(D6:Q6)=0,"",COUNTIF(D6:Q6,"✅")/14)
A7: 46327 | B7: =INT((A7-$A$5)/7)+1 -> 1 | C7: Вс | T7: =IF(COUNTA(D7:Q7)=0,"",COUNTIF(D7:Q7,"✅")/14)
A8: 46328 | B8: =INT((A8-$A$5)/7)+1 -> 1 | C8: Пн | T8: =IF(COUNTA(D8:Q8)=0,"",COUNTIF(D8:Q8,"✅")/14)
A9: 46329 | B9: =INT((A9-$A$5)/7)+1 -> 1 | C9: Вт | T9: =IF(COUNTA(D9:Q9)=0,"",COUNTIF(D9:Q9,"✅")/14)
A10: 46330 | B10: =INT((A10-$A$5)/7)+1 -> 1 | C10: Ср | T10: =IF(COUNTA(D10:Q10)=0,"",COUNTIF(D10:Q10,"✅")/14)
A11: 46331 | B11: =INT((A11-$A$5)/7)+1 -> 1 | C11: Чт | T11: =IF(COUNTA(D11:Q11)=0,"",COUNTIF(D11:Q11,"✅")/14)
A12: 46332 | B12: =INT((A12-$A$5)/7)+1 -> 2 | C12: Пт | T12: =IF(COUNTA(D12:Q12)=0,"",COUNTIF(D12:Q12,"✅")/14)
A13: 46333 | B13: =INT((A13-$A$5)/7)+1 -> 2 | C13: Сб | T13: =IF(COUNTA(D13:Q13)=0,"",COUNTIF(D13:Q13,"✅")/14)
A14: 46334 | B14: =INT((A14-$A$5)/7)+1 -> 2 | C14: Вс | T14: =IF(COUNTA(D14:Q14)=0,"",COUNTIF(D14:Q14,"✅")/14)
A15: 46335 | B15: =INT((A15-$A$5)/7)+1 -> 2 | C15: Пн | T15: =IF(COUNTA(D15:Q15)=0,"",COUNTIF(D15:Q15,"✅")/14)
A16: 46336 | B16: =INT((A16-$A$5)/7)+1 -> 2 | C16: Вт | T16: =IF(COUNTA(D16:Q16)=0,"",COUNTIF(D16:Q16,"✅")/14)
... A67: 46387 | B67: =INT((A67-$A$5)/7)+1 -> 9 | C67: Чт | T67: =IF(COUNTA(D67:Q67)=0,"",COUNTIF(D67:Q67,"✅")/14)

Sheet Итоги
A1: Итоги по неделям
A2: Считается автоматически из чек-листов. Смотрим вместе на созвоне.
A4: Неделя | B4: С | C4: По | D4: Братишка: средний % | E4: Братишка: намазов из 35 | F4: Братишка: часов учёбы | G4: Братишка: страниц книги
A5: 1 | B5: 46325 | C5: 46331 | D5: =IFERROR(AVERAGEIFS('Чек-лист'!$T$5:$T$67,'Чек-лист'!$B$5:$B$67,$A5),"") | E5: =SUMPRODUCT(('Чек-лист'!$B$5:$B$67=$A5)*('Чек-лист'!$D$5:$H$67="✅")) -> 0 | F5: =SUMIFS('Чек-лист'!$R$5:$R$67,'Чек-лист'!$B$5:$B$67,$A5) -> 0 | G5: =SUMIFS('Чек-лист'!$S$5:$S$67,'Чек-лист'!$B$5:$B$67,$A5) -> 0
A6: 2 | B6: 46332 | C6: 46338 | D6: =IFERROR(AVERAGEIFS('Чек-лист'!$T$5:$T$67,'Чек-лист'!$B$5:$B$67,$A6),"") | E6: =SUMPRODUCT(('Чек-лист'!$B$5:$B$67=$A6)*('Чек-лист'!$D$5:$H$67="✅")) -> 0 | F6: =SUMIFS('Чек-лист'!$R$5:$R$67,'Чек-лист'!$B$5:$B$67,$A6) -> 0 | G6: =SUMIFS('Чек-лист'!$S$5:$S$67,'Чек-лист'!$B$5:$B$67,$A6) -> 0
A7: 3 | B7: 46339 | C7: 46345 | D7: =IFERROR(AVERAGEIFS('Чек-лист'!$T$5:$T$67,'Чек-лист'!$B$5:$B$67,$A7),"") | E7: =SUMPRODUCT(('Чек-лист'!$B$5:$B$67=$A7)*('Чек-лист'!$D$5:$H$67="✅")) -> 0 | F7: =SUMIFS('Чек-лист'!$R$5:$R$67,'Чек-лист'!$B$5:$B$67,$A7) -> 0 | G7: =SUMIFS('Чек-лист'!$S$5:$S$67,'Чек-лист'!$B$5:$B$67,$A7) -> 0
A8: 4 | B8: 46346 | C8: 46352 | D8: =IFERROR(AVERAGEIFS('Чек-лист'!$T$5:$T$67,'Чек-лист'!$B$5:$B$67,$A8),"") | E8: =SUMPRODUCT(('Чек-лист'!$B$5:$B$67=$A8)*('Чек-лист'!$D$5:$H$67="✅")) -> 0 | F8: =SUMIFS('Чек-лист'!$R$5:$R$67,'Чек-лист'!$B$5:$B$67,$A8) -> 0 | G8: =SUMIFS('Чек-лист'!$S$5:$S$67,'Чек-лист'!$B$5:$B$67,$A8) -> 0
A9: 5 | B9: 46353 | C9: 46359 | D9: =IFERROR(AVERAGEIFS('Чек-лист'!$T$5:$T$67,'Чек-лист'!$B$5:$B$67,$A9),"") | E9: =SUMPRODUCT(('Чек-лист'!$B$5:$B$67=$A9)*('Чек-лист'!$D$5:$H$67="✅")) -> 0 | F9: =SUMIFS('Чек-лист'!$R$5:$R$67,'Чек-лист'!$B$5:$B$67,$A9) -> 0 | G9: =SUMIFS('Чек-лист'!$S$5:$S$67,'Чек-лист'!$B$5:$B$67,$A9) -> 0
A10: 6 | B10: 46360 | C10: 46366 | D10: =IFERROR(AVERAGEIFS('Чек-лист'!$T$5:$T$67,'Чек-лист'!$B$5:$B$67,$A10),"") | E10: =SUMPRODUCT(('Чек-лист'!$B$5:$B$67=$A10)*('Чек-лист'!$D$5:$H$67="✅")) -> 0 | F10: =SUMIFS('Чек-лист'!$R$5:$R$67,'Чек-лист'!$B$5:$B$67,$A10) -> 0 | G10: =SUMIFS('Чек-лист'!$S$5:$S$67,'Чек-лист'!$B$5:$B$67,$A10) -> 0
A11: 7 | B11: 46367 | C11: 46373 | D11: =IFERROR(AVERAGEIFS('Чек-лист'!$T$5:$T$67,'Чек-лист'!$B$5:$B$67,$A11),"") | E11: =SUMPRODUCT(('Чек-лист'!$B$5:$B$67=$A11)*('Чек-лист'!$D$5:$H$67="✅")) -> 0 | F11: =SUMIFS('Чек-лист'!$R$5:$R$67,'Чек-лист'!$B$5:$B$67,$A11) -> 0 | G11: =SUMIFS('Чек-лист'!$S$5:$S$67,'Чек-лист'!$B$5:$B$67,$A11) -> 0
A12: 8 | B12: 46374 | C12: 46380 | D12: =IFERROR(AVERAGEIFS('Чек-лист'!$T$5:$T$67,'Чек-лист'!$B$5:$B$67,$A12),"") | E12: =SUMPRODUCT(('Чек-лист'!$B$5:$B$67=$A12)*('Чек-лист'!$D$5:$H$67="✅")) -> 0 | F12: =SUMIFS('Чек-лист'!$R$5:$R$67,'Чек-лист'!$B$5:$B$67,$A12) -> 0 | G12: =SUMIFS('Чек-лист'!$S$5:$S$67,'Чек-лист'!$B$5:$B$67,$A12) -> 0
A13: 9 | B13: 46381 | C13: 46387 | D13: =IFERROR(AVERAGEIFS('Чек-лист'!$T$5:$T$67,'Чек-лист'!$B$5:$B$67,$A13),"") | E13: =SUMPRODUCT(('Чек-лист'!$B$5:$B$67=$A13)*('Чек-лист'!$D$5:$H$67="✅")) -> 0 | F13: =SUMIFS('Чек-лист'!$R$5:$R$67,'Чек-лист'!$B$5:$B$67,$A13) -> 0 | G13: =SUMIFS('Чек-лист'!$S$5:$S$67,'Чек-лист'!$B$5:$B$67,$A13) -> 0

Sheet Задания
A1: Задания от Бектура
A2: Бектур заполняет A–D и H–I, братишка — E–G.
A4: Дата | B4: Задание | C4: Ссылка / книга | D4: Срок | E4: Заметки брата (главные мысли) | F4: Что применит | G4: Сдал? | H4: Отзыв Бектура | I4: Оценка 1–5
A5: 46325 | B5: Посмотреть подкаст и выписать заметки по шаблону | C5: ссылку скинет Бектур | D5: 46325
A6: 46327 | B6: «Атомные привычки» — гл. 1–2, 3 главные мысли | C6: Джеймс Клир | D6: 46329
A7: 46329 | B7: Выучить суру и её смысл (Аль-Аср), рассказать своими словами | C7: Коран + тафсир | D7: 46331
A8: 46331 | B8: Подкаст про сон и фокус — что поменяю в режиме | C8: Huberman Lab (с субтитрами) | D8: 46333
A9: 46334 | B9: Составить свои 3 цели на ноябрь (лист «Цели») | C9: — | D9: 46334
A10: 46336 | B10: Рисале-и Нур: одно из «Малых слов» — пересказ 5 предложений | C10: Саид Нурси, «Сөзлер» | D10: 46338
A11: 46339 | B11: Записать себя на видео 1 мин: что узнал за неделю | C11: камера телефона | D11: 46340
A39: Сдано заданий: | B39: =COUNTIF(G5:G36,"✅")&" из "&COUNTA(B5:B36) -> 0 из 7
A40: Средняя оценка: | B40: =IFERROR(ROUND(AVERAGE(I5:I36),1),"—") -> —

Sheet Цели
A1: Цели
A2: Месяц — 3 конкретные цели. Год — 3–5 больших. Цель = что + сколько + к какому числу.
A4: Кто | B4: Срок | C4: Сфера | D4: Цель (конкретно, измеримо) | E4: Первый шаг | F4: Статус
A5: Братишка | B5: Месяц | C5: Развитие | D5: Прочитать 600 страниц за ноябрь (20 стр/день) | E5: Сегодня 20 стр. «Сөзлер» после Иша | F5: В процессе
A6: Братишка | B6: Месяц
A7: Братишка | B7: Месяц
A8: Братишка | B8: Год
A9: Братишка | B9: Год
A10: Братишка | B10: Год
A11: Братишка | B11: Год
A12: Братишка | B12: Год

Sheet Книги и навыки
A1: Книги, подкасты, навыки
A2: Отмечай, кто что начал / закончил. Новые идеи добавляем сюда.
A4: Категория | B4: Название | C4: Автор / где | D4: Зачем | E4: Формат | F4: Братишка | G4: Заметки
A5: Религия | B5: Рисале-и Нур: «Сөзлер» (Слова) | C5: Саид Нурси | D5: Вера через размышление; начать с «Малых слов» и 23-го Слова | E5: Книга
A6: Религия | B6: Рисале-и Нур: «Лемалар» (Вспышки) | C6: Саид Нурси | D6: Сабр, болезнь, тауба — прямо к темам созвонов | E6: Книга
A7: Религия | B7: «Изумрудные холмы сердца» | C7: Фетхуллах Гюлен | D7: Ихсан, ахляк, духовная работа над собой | E7: Книга
A8: Религия | B8: «Вечный свет: Пророк Мухаммад ﷺ» | C8: Фетхуллах Гюлен | D8: Сира — пример характера и лидерства | E8: Книга
A9: Религия | B9: Тафсир по 1 странице в день | C9: любой надёжный тафсир | D9: Понимать то, что читаешь в Коране | E9: Книга
A10: Мышление | B10: «Атомные привычки» | C10: Джеймс Клир | D10: Как держать дисциплину — основа всей этой системы | E10: Книга
A11: Мышление | B11: «Человек в поисках смысла» | C11: Виктор Франкл | D11: Сабр и смысл в трудности | E11: Книга
A12: Учёба | B12: «Глубокая работа» | C12: Кэл Ньюпорт | D12: Фокус 2–4 часа без телефона | E12: Книга
A13: Финансы | B13: «Самый богатый человек в Вавилоне» | C13: Джордж Клейсон | D13: База: копить, не тратить всё, приумножать | E13: Книга
A14: Характер | B14: «Как завоёвывать друзей…» | C14: Дейл Карнеги | D14: Общение, уважение, добрые слова | E14: Книга
A15: Подкаст | B15: Huberman Lab | C15: YouTube / Spotify | D15: Сон, спорт, фокус — по науке (англ., с субтитрами) | E15: Подкаст
A16: Подкаст | B16: The Diary of a CEO | C16: YouTube | D16: Истории людей, бизнес, дисциплина (англ.) | E16: Подкаст
... A21: Игра | B21: Шахматы: 1 партия/задача в день | C21: Chess.com / Lichess | D21: Мышление на шаги вперёд, можно играть друг с другом онлайн | E21: Игра
